so46601673,2026-07-30T01:00:00+09:00,2632720,1440,花ざかりの君たちへ 第2期　ep.5　意識しちゃう,201,16,2,1,updated_at_was_moved,https://nicovideo.cdn.nimg.jp/thumbnails/46601673/46601673.1059280
so46601674,2026-07-30T03:00:00+09:00,2632720,186,キャンディーカリエス　第16話　UMAはいた！,57,6,1,1,updated_at_was_moved,https://nicovideo.cdn.nimg.jp/thumbnails/46601674/46601674.66016156
so46601675,2026-07-30T00:30:00+09:00,2632720,1420,神の雫　第16話　美しき白銀の神よ,180,4,1,2,updated_at_was_moved,https://nicovideo.cdn.nimg.jp/thumbnails/46601675/46601675.30269452
so46601676,2026-07-30T00:00:00+09:00,2632720,816,おねがい！ポコタ村長　第18話　壊れたTV,45,0,0,0,updated_at_was_moved,https://nicovideo.cdn.nimg.jp/thumbnails/46601676/46601676.91745799
so46601677,2026-07-30T00:30:00+09:00,2632720,1431,スーパーの裏でヤニ吸うふたり　3本目　スーパーの裏で贈るふたり,3598,636,23,94,updated_at_was_moved,https://nicovideo.cdn.nimg.jp/thumbnails/46601677/46601677.5952680
so46601678,2026-07-30T01:00:00+09:00,2632720,210,同じゼミの染谷さんがセクシー女優だった話。【オンエア版】　第4話　「結構頑張ってるんだぞ！」,600,15,2,3,updated_at_was_moved,https://nicovideo.cdn.nimg.jp/thumbnails/46601678/46601678.29854602
so46601679,2026-07-30T22:00:00+09:00,2632720,1420,令和のダラさん　第五怪　「山守の系譜」,2144,726,12,106,updated_at_was_moved,https://nicovideo.cdn.nimg.jp/thumbnails/46601679/46601679.55517132
so46601680,2026-07-30T00:30:00+09:00,2632720,1420,乙女ゲー世界はモブに厳しい世界です2　第4話　また手のひら返しかよ,3926,577,14,92,updated_at_was_moved,https://nicovideo.cdn.nimg.jp/thumbnails/46601680/46601680.31195878
so46601681,2026-07-30T21:40:00+09:00,2632720,699,文豪ストレイドッグス わん！２　#05　第５わん！,72,0,0,3,updated_at_was_moved,https://nicovideo.cdn.nimg.jp/thumbnails/46601681/46601681.72392780
so46601824,2026-07-30T22:00:00+09:00,2632720,90,元祖！バンドリちゃん　第43話　寝坊しました,162,9,3,2,updated_at_was_moved,https://nicovideo.cdn.nimg.jp/thumbnails/46601824/46601824.16955020
so46602187,2026-07-30T23:00:00+09:00,2632720,1420,バンドリ！ ゆめ∞みた　#07　こころあらたに,230,128,4,2,updated_at_was_moved,https://nicovideo.cdn.nimg.jp/thumbnails/46602187/46602187.50316526
so46605100,2026-07-31T00:00:00+09:00,2632720,1420,落第賢者の学院無双～二度目の転生、Sランクチート魔術師冒険録～　第６話　雷神撃 -Dear Ephtal-,984,208,4,26,updated_at_was_moved,https://nicovideo.cdn.nimg.jp/thumbnails/46605100/46605100.52627881
so46605101,2026-07-31T01:00:00+09:00,2632720,1420,ヤニねこ　第5話　ニャーたち秘境に行くにゃ,745,281,6,29,updated_at_was_moved,https://nicovideo.cdn.nimg.jp/thumbnails/46605101/46605101.15838161
so46605103,2026-07-31T02:00:00+09:00,2632720,1420,才女のお世話 高嶺の花だらけな名門校で、学院一のお嬢様(生活能力皆無)を陰ながらお世話することになりました　第04話　「嘘と秘密」,207,9,2,4,updated_at_was_moved,https://nicovideo.cdn.nimg.jp/thumbnails/46605103/46605103.95345165
so46605104,2026-07-31T02:00:00+09:00,2632720,1455,乙女怪獣キャラメリゼ　#05　ギャルと口紅,186,72,2,8,updated_at_was_moved,https://nicovideo.cdn.nimg.jp/thumbnails/46605104/46605104.64658551
so46605105,2026-07-31T00:00:00+09:00,2632720,1430,メビウス・ダスト　第4話　オーバー・ヒート,71,1,1,2,updated_at_was_moved,https://nicovideo.cdn.nimg.jp/thumbnails/46605105/46605105.5592593
