510135,so44779582
510135,so44779583
510135,so44779584
510135,so44779585
510135,so44779586
510135,so44779587
510135,so44779588
510135,so44779589
510135,so44779590
510135,so44779591
510135,so44779592
510135,so44779593
510135,so44779595
510135,so44779596
510135,so44779597
510135,so44779628
510135,so44779629
510135,so44779630
510135,so44779631
510135,so44779632
510135,so44779633
510135,so44779634
510135,so44779635
510135,so44779636
510135,so44779637
510135,so44779638
510135,so44779639
510135,so44779640
510135,so44779641
510135,so44779642
510135,so44779678
510135,so44779679
510135,so44779680
510135,so44779681
510135,so44779682
510135,so44779683
510135,so44779684
510135,so44779685
510135,so44779686
510135,so44779687
510135,so44779688
510135,so44779689
510135,so44779690
510135,so44779691
510135,so44779709
510135,so44779745
510135,so44779746
510135,so44779747
510135,so44779748
510135,so44779749
510135,so44779750
510135,so44779751
510135,so44779752
510135,so44779753
510156,so44780146
510156,so44780147
510156,so44780149
510156,so44780150
510156,so44780151
510156,so44780152
510156,so44780153
510156,so44780154
510156,so44780155
510156,so44780156
510156,so44780157
510156,so44780158
510156,so44780159
510156,so44780160
510156,so44780161
510156,so44780197
510156,so44780198
510156,so44780199
510156,so44780224
510156,so44780225
510156,so44780226
510156,so44780227
510156,so44780228
510156,so44780229
510156,so44780230
510156,so44780231
510156,so44780232
510156,so44780233
510156,so44780234
510156,so44780235
510156,so44780262
510156,so44780263
510156,so44780288
510156,so44780289
510156,so44780316
510156,so44780317
510156,so44780318
510156,so44780319
510156,so44780320
510156,so44780321
510156,so44780322
510156,so44780323
510156,so44780324
510156,so44780325
510156,so44780326
510156,so44780327
510156,so44780328
510156,so44780371
510156,so44780372
510156,so44780396
510156,so44780397
510156,so44780398
510156,so44780399
510156,so44780400
510156,so44780401
510156,so44780402
510156,so44780403
510156,so44780427
510156,so44780428
510156,so44780429
510156,so44780430
510156,so44780431
510156,so44780432
510156,so44780459
510156,so44780460
510156,so44780461
510156,so44780462
510156,so44780463
510156,so44780464
510156,so44780465
510156,so44780466
510156,so44780506
510156,so44780507
510156,so44780508
510156,so44780509
510156,so44780510
510156,so44780511
510156,so44780538
510156,so44780540
510468,so44789681
510468,so44789682
510468,so44789683
510468,so44789684
510468,so44789685
510468,so44789686
510468,so44789687
510468,so44789688
510468,so44789689
510468,so44789690
510468,so44789691
510468,so44789692
510468,so44789693
510468,so44789694
510468,so44789695
510468,so44789740
510468,so44789742
510468,so44789743
510468,so44789744
510468,so44789745
510468,so44789746
510468,so44789747
510468,so44789748
510468,so44789749
510468,so44789750
510468,so44789751
510468,so44789752
510468,so44789783
510468,so44789784
510468,so44789806
510468,so44789807
510468,so44789808
510468,so44789809
510468,so44789810
510468,so44789811
510493,so44790286
510493,so44790287
510493,so44790288
510493,so44790289
510493,so44790290
510493,so44790291
510493,so44790292
510493,so44790293
510493,so44790294
510493,so44790295
510493,so44790296
510493,so44790297
510493,so44790298
510493,so44790299
510493,so44790300
510493,so44790369
510493,so44790370
510493,so44790371
510493,so44790372
510493,so44790373
510493,so44790374
510493,so44790375
510493,so44790376
510493,so44790377
510493,so44790379
510493,so44790380
510493,so44790381
510493,so44790382
510493,so44790383
510493,so44790384
510493,so44790452
510493,so44790454
510493,so44790455
510493,so44790456
510493,so44790457
510493,so44790458
510493,so44790459
510493,so44790460
510493,so44790461
510493,so44790462
510493,so44790463
510493,so44790464
510493,so44790465
510493,so44790466
510493,so44790513
510493,so44790514
510493,so44790515
510493,so44790516
511058,so44805873
511058,so44805874
511058,so44805875
511058,so44805876
511058,so44805877
511058,so44805878
511058,so44805881
511058,so44805976
511058,so44805977
511058,so44805978
511058,so44805979
511058,so44805980
511063,so44805972
511063,so44805981
511063,so44805982
511063,so44805983
511063,so44806016
511063,so44806017
511063,so44806055
511063,so44806056
511063,so44806057
511063,so44806079
511063,so44806080
511063,so44806081
511182,so44809276
511184,so44809281
511186,so44809279
511188,so44809274
511191,so44809273
511196,so44809272
511199,so44809271
511415,so44815598
511416,so44815597
511416,so44841875
511416,so44864774
511416,so44888483
511416,so44912188
511416,so44938465
511416,so44964381
511416,so44987955
511416,so45012009
511416,so45035426
511416,so45059490
511416,so45080054
511416,so45104798
511427,so44815860
511427,so44815861
511427,so44815862
511427,so44815863
511427,so44815864
511427,so44815865
511427,so44815866
511427,so44815867
511427,so44815868
511427,so44815869
511427,so44815870
511427,so44815871
511842,so44827854
511842,so44827855
511842,so44827856
511842,so44827857
511842,so44827858
511842,so44827859
511842,so44827860
511842,so44827861
511842,so44827862
511842,so44827863
511842,so44827864
511842,so44827865
511842,so44827866
511842,so44827867
511842,so44827868
511842,so44827902
511842,so44827904
511842,so44827905
511842,so44827906
511842,so44827907
511842,so44827908
511842,so44827909
511842,so44827910
511842,so44827911
511842,so44827912
511842,so44827913
511842,so44827914
511842,so44827915
511842,so44827916
511842,so44827917
511842,so44827968
511842,so44827969
511842,so44827970
511842,so44827971
511842,so44827972
511918,so32048106
511918,so32048109
511918,so32048110
511918,so32048112
511918,so32048113
511918,so32048114
511918,so32048115
511918,so32048116
511918,so32050604
511918,so32050606
511918,so32051943
511918,so32051961
511958,so44831696
511958,so44855848
511958,so44879120
511958,so44902711
511958,so44923984
511958,so44939102
511958,so44978543
511958,so45002738
511958,so45026023
511958,so45049848
511958,so45074049
511958,so45096317
511978,so44832117
511978,so44832118
511978,so44832119
511978,so44832120
511978,so44832121
511978,so44832122
511978,so44832123
511978,so44832124
511978,so44832125
511978,so44832126
511978,so44832127
511978,so44832128
512086,so44835480
512086,so44855843
512086,so44882124
512086,so44905884
512086,so44931132
512086,so44957956
512086,so44981821
512086,so45005707
512086,so45029121
512086,so45053073
512086,so45077049
512086,so45098889
512087,so44835481
512087,so44859023
512087,so44882135
512087,so44905895
512087,so44931144
512087,so44958115
512087,so44981833
512087,so45005695
512087,so45029131
512087,so45053083
512087,so45077060
512087,so45098899
512101,so44835548
512102,so44835550
512210,so44838672
512210,so44861779
512210,so44885063
512210,so44908793
512210,so44934756
512210,so44961216
512210,so44984662
512210,so45005699
512210,so45032100
512210,so45055994
512210,so45080053
512210,so45101809
512210,so45124891
512211,so44838673
512211,so44861782
512211,so44885067
512211,so44908797
512211,so44931143
512211,so44961220
512211,so44981832
512211,so45008919
512211,so45032103
512211,so45053211
512211,so45077059
512211,so45098898
512211,so45125215
512211,so45148155
512211,so45172015
512211,so45195278
512211,so45219121
512211,so45241510
512211,so45264303
512211,so45288312
512211,so45314186
512211,so45344966
512211,so45369324
512211,so45392372
512213,so44838674
512213,so44861783
512213,so44885066
512213,so44908796
512213,so44934761
512213,so44961219
512213,so44984665
512213,so45008908
512213,so45032104
512213,so45055997
512213,so45080048
512213,so45101812
512213,so45124894
512217,so44838675
512217,so44861785
512217,so44885065
512217,so44908795
512217,so44934762
512217,so44961218
512217,so44984666
512217,so45005694
512217,so45032105
512217,so45055998
512217,so45080047
512217,so45101813
512217,so45124896
512217,so45195279
512217,so45219122
512217,so45241511
512217,so45264304
512217,so45288313
512217,so45314187
512217,so45344967
512217,so45369226
512217,so45392373
512217,so45440758
512217,so45469175
512222,so44838806
512222,so44838819
512222,so44838821
512222,so44838916
512222,so44838917
512222,so44838918
512222,so44838919
512222,so44838920
512222,so44838921
512222,so44838922
512222,so44838923
512222,so44838924
512227,so44838820
512229,so44838915
512308,so44841873
512308,so44864771
512308,so44888480
512308,so44912185
512308,so44938911
512308,so44964378
512308,so44987952
512308,so45012012
512308,so45035423
512308,so45059487
512308,so45083179
512308,so45104795
512309,so44841869
512309,so44864765
512309,so44888476
512309,so44912181
512309,so44939103
512309,so44964374
512309,so44987946
512309,so45012021
512309,so45035418
512309,so45059482
512309,so45083176
512309,so45104788
512309,so45127834
512309,so45151356
512309,so45175276
512309,so45198425
512309,so45222356
512309,so45245025
512309,so45267462
512309,so45292235
512309,so45319350
512309,so45348526
512309,so45372379
512309,so45395491
512309,so45419129
512309,so45445134
512309,so45472474
512309,so45496176
512309,so45526004
512309,so45549198
512309,so45573477
512309,so45598798
512309,so45622782
512309,so45647718
512309,so45672212
512309,so45696330
512309,so45719122
512309,so45741774
512309,so45767219
512309,so45767246
512309,so45817379
512309,so45817380
512309,so45841968
512309,so45866819
512309,so45890709
512309,so45915254
512309,so45940827
512309,so45968869
512310,so44841879
512310,so44864855
512310,so44888580
512310,so44912281
512310,so44938894
512310,so44964440
512310,so44988019
512310,so45012052
512310,so45035522
512310,so45059588
512310,so45083186
512310,so45101808
512311,so44841878
512311,so44864762
512311,so44888582
512311,so44912191
512311,so44938781
512311,so44964384
512311,so44988039
512311,so45012146
512311,so45035414
512311,so45059478
512311,so45080044
512311,so45104860
512312,so44841876
512312,so44864775
512312,so44888470
512312,so44912189
512312,so44938641
512312,so44964382
512312,so44987941
512312,so45012149
512312,so45035427
512312,so45059491
512312,so45083183
512312,so45104799
512313,so44841871
512313,so44864767
512313,so44885068
512313,so44908798
512313,so44934760
512313,so44961221
512313,so44987948
512313,so45008920
512313,so45035420
512313,so45059484
512313,so45080050
512313,so45104792
512313,so45127835
512313,so45151413
512313,so45175275
512313,so45198405
512313,so45222354
512313,so45245024
512313,so45264283
512313,so45292236
512313,so45319395
512313,so45348525
512313,so45369323
512313,so45392371
512313,so45419229
512313,so45445133
512313,so45472473
512313,so45496175
512313,so45526002
512313,so45549197
512313,so45573534
512313,so45598797
512313,so45622781
512313,so45647717
512313,so45672211
512313,so45696329
512313,so45719120
512313,so45741773
512313,so45767218
512313,so45817378
512313,so45841967
512313,so45863797
512313,so45890708
512313,so45911772
512315,so44841880
512315,so44864854
512315,so44888560
512315,so44912280
512315,so44938940
512315,so44964439
512315,so44988018
512315,so45012078
512315,so45035521
512315,so45059587
512315,so45080057
512315,so45104845
512316,so44841877
512316,so44864776
512316,so44888583
512316,so44912177
512316,so44938741
512316,so44964370
512316,so44988040
512316,so45012147
512316,so45035428
512316,so45059492
512316,so45083173
512316,so45104861
512316,so45151387
512316,so45175273
512316,so45198402
512316,so45222816
512316,so45245023
512316,so45264282
512316,so45292293
512316,so45319506
512316,so45348524
512316,so45369322
512316,so45395746
512316,so45419228
512316,so45472472
512316,so45496475
512316,so45526616
512316,so45549686
512316,so45574242
512316,so45599182
512316,so45623536
512316,so45647715
512316,so45672785
512316,so45696718
512316,so45729578
512316,so45752990
512316,so45817828
512316,so45842606
512316,so45878244
512316,so45901772
512316,so45926673
512316,so45941869
512317,so44841874
512317,so44864773
512317,so44888482
512317,so44912187
512317,so44938386
512317,so44964380
512317,so44987954
512317,so45012010
512317,so45035425
512317,so45059489
512317,so45083181
512317,so45104785
512317,so45127828
512317,so45151411
512317,so45175274
512317,so45198403
512317,so45222340
512317,so45245419
512317,so45267461
512317,so45292595
512317,so45319507
512317,so45348787
512317,so45395489
512317,so45419432
512317,so45472589
512319,so44841870
512319,so44864766
512319,so44888477
512319,so44912182
512319,so44938716
512319,so44964375
512319,so44987947
512319,so45012020
512319,so45035419
512319,so45059483
512319,so45080049
512319,so45104789
512329,so44842242
512329,so44864763
512329,so44888474
512329,so44912179
512329,so44939005
512329,so44964372
512329,so44987944
512329,so45012054
512329,so45035416
512329,so45059480
512329,so45083174
512329,so45104786
512329,so45127832
512329,so45151336
512329,so45175252
512329,so45198327
512329,so45222294
512329,so45245026
512329,so45267463
512329,so45292225
512329,so45319405
512329,so45348555
512329,so45372363
512329,so45395492
512329,so45419230
512329,so45445135
512329,so45472475
512329,so45496177
512329,so45526005
512329,so45549199
512329,so45573535
512329,so45598799
512329,so45622815
512329,so45647719
512329,so45672238
512329,so45696331
512329,so45719123
512329,so45741797
512329,so45767247
512329,so45817333
512329,so45841970
512329,so45866820
512329,so45890711
512343,so44842424
512343,so44864764
512343,so44888475
512343,so44912180
512343,so44939104
512343,so44964373
512343,so44987945
512343,so45012022
512343,so45035417
512343,so45059481
512343,so45083175
512343,so45104787
512343,so45127833
512343,so45767163
512343,so45817381
512343,so45841969
512343,so45866882
512343,so45890710
512343,so45915255
512712,so44899485
512712,so44938960
512712,so44999044
512712,so45046612
512712,so45093418
512712,so45138413
512713,so44852825
512713,so44876271
512713,so44899483
512713,so44924024
512713,so44938815
512713,so44975520
512713,so44999042
512713,so45012148
512713,so45046609
512713,so45070869
512713,so45096314
512713,so45116053
512714,so44852826
512714,so44876272
512714,so44899484
512714,so44923988
512714,so44938554
512714,so44975521
512714,so44999043
512714,so45012080
512714,so45046610
512714,so45070870
512714,so45093416
512714,so45116054
512715,so44852829
512715,so44876275
512715,so44899488
512715,so44923981
512715,so44938385
512715,so44975524
512715,so44999047
512715,so45012008
512715,so45046615
512715,so45070874
512715,so45093421
512715,so45116058
512715,so45138415
512715,so45162542
512715,so45186060
512715,so45198347
512715,so45222341
512715,so45255150
512715,so45335248
512715,so45360209
512715,so45372407
512715,so45392370
512715,so45419154
512715,so45459140
512716,so44852831
512716,so44876277
512716,so44899490
512716,so44923979
512716,so44938586
512716,so44975526
512716,so44999049
512716,so45012019
512716,so45046617
512716,so45070876
512716,so45093422
512716,so45104790
512716,so45138417
512717,so44852828
512717,so44876274
512717,so44899487
512717,so44923975
512717,so44939100
512717,so44975523
512717,so44999046
512717,so45012014
512717,so45046614
512717,so45070873
512717,so45093420
512717,so45116057
512717,so45138414
512717,so45162541
512717,so45186059
512717,so45198404
512717,so45232476
512717,so45255149
512717,so45267823
512717,so45303159
512717,so45335247
512717,so45360208
512717,so45383136
512717,so45395433
512717,so45430593
512717,so45459139
512717,so45483277
512717,so45496174
512717,so45536780
512717,so45560391
512717,so45573510
512717,so45610867
512717,so45634438
512717,so45647716
512717,so45683683
512717,so45707165
512717,so45729579
512717,so45752991
512717,so45767217
512717,so45817362
512717,so45853519
512717,so45878245
512718,so44852830
512718,so44876276
512718,so44899489
512718,so44923980
512718,so44938553
512718,so44975525
512718,so44999048
512718,so45012018
512718,so45046616
512718,so45070875
512718,so45096319
512718,so45104791
512718,so45138416
512718,so45162543
512718,so45186061
512718,so45198424
512718,so45232477
512718,so45255151
512718,so45267824
512718,so45303160
512718,so45335238
512718,so45360210
512718,so45383137
512718,so45395490
512718,so45430594
512718,so45459141
512719,so44852832
512719,so44876278
512719,so44899491
512719,so44923978
512719,so44939105
512719,so44975527
512719,so44999050
512719,so45012079
512719,so45046618
512719,so45070877
512719,so45093423
512719,so45116059
512719,so45138418
512807,so44855846
512807,so44879118
512807,so44902709
512807,so44924062
512807,so44938869
512807,so44978541
512807,so45002736
512807,so45026022
512807,so45049847
512807,so45074048
512807,so45096316
512807,so45119120
512809,so44855850
512809,so44879122
512809,so44902713
512809,so44923982
512809,so44938463
512809,so44978545
512809,so45002740
512809,so45026025
512809,so45049850
512809,so45074051
512809,so45096443
512809,so45119455
512810,so44855844
512810,so44879116
512810,so44902707
512810,so44924023
512810,so44938832
512810,so44978539
512810,so45002734
512810,so45012130
512810,so45046608
512810,so45070868
512810,so45096313
512810,so45116052
512810,so45141802
512811,so44855847
512811,so44879119
512811,so44902710
512811,so44923987
512811,so44938464
512811,so44978542
512811,so45002737
512811,so45012017
512811,so45046611
512811,so45070871
512811,so45093417
512811,so45116055
512811,so45141803
512907,so44859013
512907,so44882125
512907,so44905885
512907,so44931133
512907,so44957957
512907,so44981822
512907,so45005706
512907,so45029122
512907,so45053074
512907,so45077050
512907,so45098890
512907,so45122135
512908,so44859014
512908,so44882126
512908,so44905886
512908,so44931134
512908,so44957991
512908,so44981823
512908,so45005705
512908,so45029123
512908,so45053075
512908,so45077051
512908,so45098891
512908,so45122136
512909,so44859015
512909,so44882127
512909,so44905887
512909,so44931135
512909,so44958014
512909,so44981824
512909,so45005704
512909,so45029124
512909,so45053076
512909,so45077052
512909,so45098892
512909,so45122137
512911,so44859018
512911,so44882130
512911,so44905890
512911,so44931137
512911,so44958050
512911,so44981827
512911,so45005701
512911,so45029126
512911,so45053079
512911,so45077055
512911,so45098894
512911,so45122139
512911,so45144981
512912,so44859017
512912,so44882129
512912,so44905889
512912,so44931136
512912,so44958034
512912,so44981826
512912,so45005702
512912,so45029125
512912,so45053078
512912,so45077054
512912,so45098893
512912,so45122138
512913,so44859019
512913,so44882131
512913,so44905891
512913,so44931138
512913,so44958051
512913,so44981828
512913,so45005700
512913,so45029127
512913,so45053080
512913,so45077056
512913,so45098895
512913,so45122140
512913,so45144982
512913,so45168944
512913,so45192340
512913,so45215835
512913,so45238581
512913,so45261130
512913,so45284960
512913,so45310027
512913,so45341816
512913,so45366357
512913,so45389198
512913,so45412868
512923,so44859147
512993,so44861786
512993,so44885064
512993,so44908794
512993,so44934804
512993,so44961217
512993,so44984667
512993,so45008917
512993,so45032106
512993,so45055999
512993,so45080046
512993,so45101814
512993,so45124897
512993,so45148156
512993,so45172016
512993,so45195280
512993,so45219123
512993,so45241512
512993,so45264305
512993,so45288314
512993,so45314188
512993,so45344968
512993,so45369224
512993,so45392374
512993,so45412869
512993,so45469176
512993,so45492673
512993,so45521863
512993,so45545873
512993,so45570208
512993,so45595315
512993,so45619342
512993,so45644203
512993,so45668926
512993,so45690009
512993,so45715646
512993,so45738293
512993,so45759575
512993,so45808160
512993,so45838022
512993,so45860253
512995,so44861778
512995,so44885074
512995,so44908804
512995,so44934754
512995,so44961227
512995,so44984661
512995,so45008958
512995,so45032099
512995,so45055993
512995,so45080058
512995,so45101807
512995,so45124890
512996,so44861780
512996,so44885070
512996,so44908800
512996,so44934758
512996,so44961223
512996,so44984663
512996,so45008922
512996,so45032101
512996,so45055995
512996,so45080052
512996,so45101810
512996,so45124892
513093,so44864769
513093,so44888479
513093,so44912184
513093,so44939101
513093,so44964377
513093,so44987950
513093,so45012015
513093,so45035422
513093,so45059486
513093,so45083178
513093,so45104794
513093,so45127837
513095,so44864772
513095,so44888481
513095,so44912186
513095,so44938388
513095,so44964379
513095,so44987953
513095,so45012011
513095,so45035424
513095,so45059488
513095,so45083180
513095,so45104796
513095,so45127838
513096,so44864768
513096,so44888478
513096,so44912183
513096,so44938666
513096,so44964376
513096,so44987949
513096,so45012016
513096,so45035421
513096,so45059485
513096,so45083177
513096,so45104793
513096,so45127836
513098,so44864857
513098,so44888581
513098,so44912301
513098,so44938852
513098,so44964441
513098,so44988038
513098,so45012129
513098,so45035524
513098,so45059590
513098,so45083185
513098,so45104859
513098,so45127840
513529,so44879124
513529,so44879125
513529,so44879126
513529,so44902715
513529,so44923976
513529,so44938961
513529,so44978547
513529,so45002741
513529,so45026026
513529,so45049851
513529,so45074052
513529,so45096320
513529,so45119122
513529,so45462723
513529,so45486531
513529,so45511496
513529,so45539921
513529,so45563507
513529,so45588962
513529,so45612762
513529,so45634439
513529,so45662515
513529,so45686794
513529,so45709930
513529,so45732351
513529,so45756533
513529,so45756572
513529,so45831296
513529,so45856829
513529,so45881203
513837,so44888471
513837,so44888472
513837,so44888473
513837,so44912178
513837,so44938816
513837,so44964371
513837,so44987943
513837,so45012053
513837,so45035415
513837,so45059479
513837,so45080045
513837,so45098901
513837,so45127831
513845,so44888745
513845,so44888746
513845,so44888747
513845,so44888748
513845,so44888749
513845,so44888750
513845,so44888751
513845,so44888752
513845,so44888753
513845,so44888754
513845,so44888755
513845,so44888756
513845,so44888757
513845,so44888758
513845,so44888759
513845,so44888834
513845,so44888835
513845,so44888836
513845,so44888838
513845,so44888839
513845,so44888841
513845,so44888842
513845,so44888843
513845,so44888844
513845,so44888846
513845,so44888848
513845,so44888849
513845,so44888850
513845,so44888851
513845,so44888852
513845,so44888913
513845,so44888914
513845,so44888915
513845,so44888916
513845,so44888917
513845,so44888919
513845,so44888920
513845,so44888921
513845,so44888922
513845,so44888923
513845,so44888924
513845,so44888925
513845,so44888926
513845,so44888927
513845,so44888928
513845,so44888983
513845,so44888984
513845,so44888985
513845,so44888986
513845,so44888987
513845,so44888989
513845,so44888990
513845,so44888992
513845,so44888993
513845,so44888994
513845,so44888995
513845,so44888996
513845,so44888997
513845,so44888998
513845,so44888999
513845,so44889069
513845,so44889070
513845,so44889071
513845,so44889072
513845,so44889073
513845,so44889074
513845,so44889075
513845,so44889076
513845,so44889077
513845,so44889078
513845,so44889079
513845,so44889080
513845,so44889081
513845,so44889082
513845,so44889083
513845,so44889159
514176,so44899747
514176,so44899748
514176,so44899749
514176,so44899750
514176,so44899751
514176,so44899752
514176,so44899753
514176,so44899754
514176,so44899755
514176,so44899756
514176,so44899757
514176,so44899758
514176,so44899759
514176,so44899760
514176,so44899761
514176,so44899802
514176,so44899803
514176,so44899804
514176,so44899805
514176,so44899828
514176,so44899829
514176,so44899830
514176,so44899831
514176,so44899832
514176,so44899833
514176,so44899834
514176,so44899835
514176,so44899836
514176,so44899837
514176,so44899839
514176,so44899855
514176,so44899856
514176,so44899857
514176,so44899876
514176,so44899877
514176,so44899878
514176,so44899879
514176,so44899880
514176,so44899881
514176,so44899906
514176,so44899907
514176,so44899908
514176,so44899909
514176,so44899910
514176,so44899911
514176,so44899912
514176,so44899913
514176,so44899914
514176,so44899928
514176,so44899929
514187,so44900065
514187,so44900066
514187,so44900067
514187,so44900068
514187,so44900069
514187,so44900070
514187,so44900071
514187,so44900072
514187,so44900073
514187,so44900074
514187,so44900075
514187,so44900076
514187,so44900077
514187,so44900078
514187,so44900079
514187,so44900138
514187,so44900139
514187,so44900140
514187,so44900141
514187,so44900142
514187,so44900143
514187,so44900144
514187,so44900145
514187,so44900146
514187,so44900147
514187,so44900148
514187,so44900149
514187,so44900150
514187,so44900151
514187,so44900152
514187,so44900223
514187,so44900224
514187,so44900225
514187,so44900226
514187,so44900227
514187,so44900228
514187,so44900229
514187,so44900230
514187,so44900231
514187,so44900232
514187,so44900233
514187,so44900234
514187,so44900235
514187,so44900236
514187,so44900237
514187,so44900310
514187,so44900311
514187,so44900312
514187,so44900313
514187,so44900314
514187,so44900315
514187,so44900316
514187,so44900317
514187,so44900318
514187,so44900319
514187,so44900320
514187,so44900321
514187,so44900322
514187,so44900323
514187,so44900324
514187,so44900404
514187,so44900405
514187,so44900406
514187,so44900407
514187,so44900408
514187,so44900409
514187,so44900410
514187,so44900411
514187,so44900412
514187,so44900413
514187,so44900414
514187,so44900415
514187,so44900416
514187,so44900417
514187,so44900418
514187,so44900499
514187,so44900500
514187,so44900501
514187,so44900502
514187,so44900503
514187,so44900504
514187,so44900505
514187,so44900506
514187,so44900507
514187,so44900508
514187,so44900510
514187,so44900511
514187,so44900512
514187,so44900513
514187,so44900514
514187,so44900581
514187,so44900582
514187,so44900583
514187,so44900584
514187,so44900585
514187,so44900587
514187,so44900588
514187,so44900589
514187,so44900590
514187,so44900591
514187,so44900592
514187,so44900593
514187,so44900594
514187,so44900595
514187,so44900596
514187,so44900688
514187,so44900689
514187,so44900690
514187,so44900766
514187,so44900767
514187,so44900768
514187,so44900832
514187,so44900833
514187,so44900834
514187,so44900890
514187,so44900891
514187,so44900892
514187,so44900962
514187,so44900963
514187,so44900964
514187,so44901032
514187,so44901095
514187,so44901123
514187,so44901124
514187,so44901194
514187,so44901196
514187,so44901197
514187,so44901270
514187,so44901271
514187,so44901272
514187,so44901359
514187,so44901360
514187,so44901361
514187,so44901444
514187,so44901445
514187,so44901447
514187,so44901540
514187,so44901541
514187,so44901542
514187,so44902152
514187,so44902153
514187,so44902155
514187,so44902156
514187,so44902157
514187,so44902158
514187,so44902159
514187,so44902160
514187,so44902161
514187,so44902162
514187,so44902163
514238,so44902792
514238,so44902793
514238,so44902794
514238,so44902795
514238,so44902796
514238,so44902797
514238,so44902798
514238,so44902799
514238,so44902800
514238,so44902801
514238,so44902802
514238,so44902803
514238,so44902804
514238,so44902805
514238,so44902806
514238,so44902832
514238,so44902833
514238,so44902834
514238,so44902835
514238,so44902836
514238,so44902837
514238,so44902838
514238,so44902839
514238,so44902840
514238,so44902841
514238,so44902842
514238,so44902843
514238,so44902844
514238,so44902845
514238,so44902846
514238,so44902885
514238,so44902886
514238,so44902887
514238,so44902888
514238,so44902889
514238,so44902890
514238,so44902891
514238,so44902892
514238,so44902893
514238,so44902894
514238,so44902895
514238,so44902896
514238,so44902897
514238,so44902898
514238,so44902899
514238,so44902940
514238,so44902941
514238,so44902942
514238,so44902943
514238,so44902944
514375,so44906448
514375,so44906449
514375,so44906450
514375,so44906451
514375,so44906452
514375,so44906453
514375,so44906454
514375,so44906455
514375,so44906456
514375,so44906457
514375,so44906458
514375,so44906459
514375,so44906460
514375,so44906461
514375,so44906462
514375,so44906510
514375,so44906512
514375,so44906513
514375,so44906514
514375,so44906515
514375,so44906516
514375,so44906517
514375,so44906518
514375,so44906519
514375,so44906520
514375,so44906521
514471,so44909403
514471,so44909404
514471,so44909405
514471,so44909406
514471,so44909407
514471,so44909408
514471,so44909409
514471,so44909410
514471,so44909411
514471,so44909412
514471,so44909413
514471,so44909414
514471,so44909415
514471,so44909416
514471,so44909417
514471,so44909479
514471,so44909487
514471,so44909488
514471,so44909491
514471,so44909492
514471,so44909493
514471,so44909494
514471,so44909568
514471,so44909569
514471,so44909570
514471,so44909571
514474,so44909480
514474,so44909481
514474,so44909482
514474,so44909483
514474,so44909484
514474,so44909485
514474,so44909486
514474,so44909490
514474,so44909567
514474,so44909572
514474,so44909573
514474,so44909574
514474,so44909575
514474,so44909576
514474,so44909577
514474,so44909578
514474,so44909579
514474,so44909580
514474,so44909581
514474,so44909673
514474,so44909674
514474,so44909675
514474,so44909676
514474,so44909677
514474,so44909678
514474,so44909679
514978,so44924456
514978,so44924462
514978,so44924463
514978,so44924464
514978,so44924465
514978,so44924466
514978,so44924468
514978,so44924469
514978,so44924470
514978,so44924584
514978,so44924585
514978,so44924586
514978,so44924587
514986,so44924582
514991,so44924906
514991,so44924979
514991,so44925041
514991,so44925122
514991,so44925125
514991,so44925190
514991,so44925251
514991,so44925253
514991,so44925336
514991,so44925437
514991,so44925439
514991,so44925547
514991,so44925630
514991,so44925632
514991,so44925705
514991,so44926556
514991,so44926557
514991,so44926558
514991,so44926559
514991,so44926560
514991,so44926561
514991,so44926562
514991,so44926564
514991,so44926565
514991,so44926566
514991,so44926567
514998,so44924594
514999,so44924580
515024,so44925704
516212,so44958176
516212,so44958177
516212,so44958178
516212,so44958892
516212,so44958893
516212,so44958894
516212,so44958895
516212,so44958896
516212,so44958897
516212,so44961679
516801,so44975615
516801,so44975629
516801,so44975661
516801,so44975668
516801,so44975669
516801,so44975671
516801,so44975672
516801,so44975673
516801,so44975705
516801,so44975706
516801,so44975707
516801,so44975708
516801,so44975709
516884,so44978618
516884,so44978619
516884,so44978620
516884,so44978621
516884,so44978622
516884,so44978623
516884,so44978624
516884,so44978625
516884,so44978626
516884,so44978627
516884,so44978628
516884,so44978629
516884,so44978630
516884,so44978631
516884,so44978632
516884,so44978657
516884,so44978658
516884,so44978659
516884,so44978660
516884,so44978661
516884,so44978662
516884,so44978663
516884,so44978664
516884,so44978665
516884,so44978666
516884,so44978667
516884,so44978668
516884,so44978669
516884,so44978670
516884,so44978671
516884,so44978696
516884,so44978697
516884,so44978698
516884,so44978699
516884,so44978700
516884,so44978701
516884,so44978702
516884,so44978703
516884,so44978704
516884,so44978705
516884,so44978706
516884,so44978707
516884,so44978708
516884,so44978737
516884,so44978738
516884,so44978739
516884,so44978740
516884,so44978741
516884,so44978742
516884,so44978743
516884,so44978744
516884,so44978745
517213,so44984776
517303,so44987942
517689,so44999191
517689,so44999192
517689,so44999193
517689,so44999194
517689,so44999195
517689,so44999196
517689,so44999197
517689,so44999198
517689,so44999199
517689,so44999200
517689,so44999201
517689,so44999202
517689,so44999203
517689,so44999204
517689,so44999205
517689,so44999253
517689,so44999254
517689,so44999255
517689,so44999256
517689,so44999257
517689,so44999258
517689,so44999259
517689,so44999261
517689,so44999262
517689,so44999263
517689,so44999264
517689,so44999265
517689,so44999266
517689,so44999267
517689,so44999268
517689,so44999316
517689,so44999317
517689,so44999318
517689,so44999319
517689,so44999320
517820,so45002873
517820,so45002874
517820,so45002875
517820,so45002876
517820,so45002877
517820,so45002878
517820,so45002879
517820,so45002880
517820,so45002881
517820,so45002882
517820,so45002883
517820,so45002884
517820,so45002886
517820,so45002887
517820,so45003481
517820,so45003482
517820,so45003483
517820,so45003484
517820,so45003486
517820,so45003487
517820,so45003488
517820,so45003489
517820,so45003490
517820,so45003527
517820,so45003528
517820,so45003529
517825,so45002888
517827,so45003373
517892,so45005868
517892,so45005869
517892,so45005870
517892,so45005871
517892,so45005872
517892,so45005873
517892,so45005874
517892,so45005875
517892,so45005876
517892,so45005877
517892,so45005878
517892,so45005879
517892,so45005880
517892,so45005882
517892,so45005884
517892,so45005909
517892,so45005911
517892,so45005912
517892,so45005913
517892,so45005914
517892,so45005946
517892,so45005947
517892,so45005948
517892,so45005949
517892,so45005950
517892,so45005951
517892,so45005952
517892,so45005953
517892,so45005954
517892,so45005955
517892,so45005965
517892,so45005966
517892,so45005967
517892,so45005968
517892,so45005969
517892,so45005983
517892,so45005984
517892,so45005985
517892,so45005986
517895,so45006028
517895,so45006029
517895,so45006030
517895,so45006031
517895,so45006032
517895,so45006033
517895,so45006034
517895,so45006035
517895,so45006036
517895,so45006037
517895,so45006038
517895,so45006039
517895,so45006040
517895,so45006041
517895,so45006042
517895,so45006075
517895,so45006076
517895,so45006077
517895,so45006078
517895,so45006099
517895,so45006100
517895,so45006101
517895,so45006102
517895,so45006103
517895,so45006104
517895,so45006105
517895,so45006106
517895,so45006107
517895,so45006108
517895,so45006109
517895,so45006125
517895,so45006126
517895,so45006127
517895,so45006128
517895,so45006160
517895,so45006161
517895,so45006162
517895,so45006163
517895,so45006164
517902,so45006196
517902,so45006197
517902,so45006198
517902,so45006199
517902,so45006200
517902,so45006201
517902,so45006202
517902,so45006203
517902,so45006204
517902,so45006205
517902,so45006206
517902,so45006207
517902,so45006208
517902,so45006209
517902,so45006210
517902,so45006240
517902,so45006241
517902,so45006242
517902,so45006243
517902,so45006244
517902,so45006245
517902,so45006246
517902,so45006247
517902,so45006248
517902,so45006249
517902,so45006250
517902,so45006251
517902,so45006252
517902,so45006253
517902,so45006285
517902,so45006296
517902,so45006297
517902,so45006298
517902,so45006312
517902,so45006334
517902,so45006357
517902,so45006358
517902,so45006359
517902,so45006360
517902,so45006361
517902,so45006362
517902,so45006363
517902,so45006380
517902,so45006381
517902,so45006382
517903,so45006254
517903,so45006286
517903,so45006287
517903,so45006288
517903,so45006289
517903,so45006290
517903,so45006291
517903,so45006292
517903,so45006293
517903,so45006294
517903,so45006295
517903,so45006335
517903,so45006336
517903,so45006337
517903,so45006338
517903,so45006339
517903,so45006340
517903,so45006356
517903,so45006379
517903,so45006383
517903,so45006384
517903,so45006385
517903,so45006409
517903,so45006410
517903,so45006411
517903,so45006412
517903,so45006413
517903,so45006414
517903,so45006415
517903,so45006416
517903,so45006439
517903,so45006440
517903,so45006441
517903,so45006442
517903,so45006443
517903,so45006444
517903,so45006445
517903,so45006470
517903,so45006471
518083,so45012209
518083,so45012210
518083,so45012211
518083,so45012212
518083,so45012213
518083,so45012214
518083,so45012215
518083,so45012216
518083,so45012217
518083,so45012218
518083,so45012219
518083,so45012220
518083,so45012221
518083,so45012222
518083,so45012223
518083,so45012284
518083,so45012285
518083,so45012286
518083,so45012287
518083,so45012288
518083,so45012289
518083,so45012290
518083,so45012291
518083,so45012292
518083,so45012293
518083,so45012294
518099,so45012664
518099,so45012672
518099,so45012673
518099,so45012675
518099,so45012676
518099,so45012677
518099,so45012678
518099,so45012715
518099,so45012716
518099,so45012717
518099,so45012734
518099,so45012736
518099,so45012737
518099,so45012738
518099,so45012739
518099,so45012740
518099,so45012741
518099,so45012742
518099,so45012743
518099,so45012744
518099,so45012799
518099,so45012801
518099,so45012802
518099,so45012803
518099,so45012804
518099,so45012805
518106,so45012797
518106,so45012798
518106,so45012855
518106,so45012891
518106,so45012892
518106,so45012893
518106,so45012894
518106,so45012895
518106,so45012896
518106,so45012923
518106,so45012970
518106,so45013006
518106,so45013007
518106,so45013008
518106,so45013009
518106,so45013010
518106,so45013011
518106,so45013012
518106,so45013013
518106,so45013014
518106,so45013015
518106,so45013016
518106,so45013046
518106,so45013047
518106,so45013079
518106,so45013080
518558,so45026131
518558,so45026141
518558,so45026142
518558,so45026143
518558,so45026144
518558,so45026145
518558,so45026200
518558,so45026201
518558,so45026202
518558,so45026203
518558,so45026204
518558,so45026205
518558,so45026206
518558,so45026207
518558,so45026208
518558,so45026209
518558,so45026210
518558,so45026259
518558,so45026260
518558,so45026261
518558,so45026262
518558,so45026263
518558,so45026264
518558,so45026265
518558,so45026269
518558,so45026293
518558,so45026324
518558,so45026333
518558,so45026334
518558,so45026335
518558,so45026336
518558,so45026337
518558,so45026338
518558,so45026354
518558,so45026376
518558,so45026377
518558,so45026378
518558,so45026379
518558,so45026380
518558,so45026381
518558,so45026382
518558,so45026383
518558,so45026384
518558,so45026385
518558,so45026386
518558,so45026387
518559,so45026132
518559,so45026133
518559,so45026134
518559,so45026135
518559,so45026136
518559,so45026137
518559,so45026138
518559,so45026139
518559,so45026140
518559,so45026199
518559,so45026211
518559,so45026212
518559,so45026223
518559,so45026258
518559,so45026266
518559,so45026267
518559,so45026268
518559,so45026270
518559,so45026271
518559,so45026325
518559,so45026327
518559,so45026328
518559,so45026329
518559,so45026330
518559,so45026331
518559,so45026332
518574,so45026543
518574,so45026546
518574,so45026547
518574,so45026548
518574,so45026549
518574,so45026550
518574,so45026551
518574,so45026552
518574,so45026553
518574,so45026554
518574,so45026555
518574,so45026556
518574,so45026557
518574,so45026558
518574,so45026586
518574,so45026602
518574,so45026603
518574,so45026604
518574,so45026605
518574,so45026606
518579,so45026545
518662,so45029237
518662,so45029238
518662,so45029239
518662,so45029240
518662,so45029241
518662,so45029242
518662,so45029243
518662,so45029244
518662,so45029245
518662,so45029246
518662,so45029247
518662,so45029248
518662,so45029249
518662,so45029250
518662,so45029304
518662,so45029305
518662,so45029306
518662,so45029307
518662,so45029308
518662,so45029309
518662,so45029310
518662,so45029330
518662,so45029331
518662,so45029332
518662,so45029333
518662,so45029334
518662,so45029335
518676,so45029660
518676,so45029661
518676,so45029662
518676,so45029663
518676,so45029664
518676,so45029665
518676,so45029666
518676,so45029667
518676,so45029668
518676,so45029669
518676,so45029670
518676,so45029671
518676,so45029673
518767,so45032164
518767,so45032175
518767,so45032176
518767,so45032177
518767,so45032178
518767,so45032343
518767,so45032344
518767,so45032358
518767,so45032359
518767,so45032360
518768,so45032174
518773,so45032173
518774,so45032172
518776,so45032167
518781,so45032169
519235,so45046762
519236,so45046763
519241,so45046985
519241,so45046986
519241,so45046987
519241,so45046988
519241,so45046989
519241,so45046990
519241,so45046991
519241,so45046992
519241,so45046993
519241,so45046994
519241,so45046995
519241,so45046996
519241,so45046997
519241,so45046998
519241,so45046999
519241,so45047041
519241,so45047049
519241,so45047050
519241,so45047051
519241,so45047052
519241,so45047053
519241,so45047054
519241,so45047055
519241,so45047114
519241,so45047122
519241,so45047123
519241,so45047124
519241,so45047125
519241,so45047127
519241,so45047128
519241,so45047182
519241,so45047190
519241,so45047192
519241,so45047193
519241,so45047194
519241,so45047195
519241,so45047196
519241,so45047243
519241,so45047244
519245,so45047042
519245,so45047043
519245,so45047044
519245,so45047045
519245,so45047046
519245,so45047047
519245,so45047048
519245,so45047115
519245,so45047116
519245,so45047117
519245,so45047118
519245,so45047119
519245,so45047120
519245,so45047121
519245,so45047126
519245,so45047183
519245,so45047184
519245,so45047185
519245,so45047186
519245,so45047187
519245,so45047188
519245,so45047189
519245,so45047191
519245,so45047242
519245,so45047245
519245,so45047246
519245,so45047247
519245,so45047248
519245,so45047249
519245,so45047250
519245,so45047251
519245,so45047252
519245,so45047253
519245,so45047254
519245,so45047255
519245,so45047256
519245,so45047332
519245,so45047333
519245,so45047334
519330,so45049965
519330,so45049966
519330,so45049967
519330,so45049968
519330,so45049969
519330,so45049970
519330,so45049971
519330,so45049972
519330,so45049974
519330,so45049975
519330,so45049976
519330,so45049977
519330,so45049978
519330,so45049979
519330,so45049980
519330,so45050032
519330,so45050038
519330,so45050039
519330,so45050040
519330,so45050041
519330,so45050042
519330,so45050043
519330,so45050044
519330,so45050045
519330,so45050046
519330,so45050101
519330,so45050102
519330,so45050103
519330,so45050104
519330,so45050105
519330,so45050106
519330,so45050107
519330,so45050108
519330,so45050109
519330,so45050110
519330,so45050111
519330,so45050112
519330,so45050113
519330,so45050114
519333,so45050033
519333,so45050034
519333,so45050035
519333,so45050036
519333,so45050037
519336,so45050236
519336,so45050237
519336,so45050238
519336,so45050239
519336,so45050240
519336,so45050241
519336,so45050242
519336,so45050243
519336,so45050244
519336,so45050245
519336,so45050247
519336,so45050248
519336,so45050249
519336,so45050250
519336,so45050251
519336,so45050290
519336,so45050320
519336,so45050327
519336,so45050328
519336,so45050330
519336,so45050350
519336,so45050351
519336,so45050352
519336,so45050381
519336,so45050382
519336,so45050458
519337,so45050291
519337,so45050292
519337,so45050293
519337,so45050321
519337,so45050322
519337,so45050323
519337,so45050324
519337,so45050325
519337,so45050326
519337,so45050329
519337,so45050349
519337,so45050380
519337,so45050406
519337,so45050407
519337,so45050408
519337,so45050409
519337,so45050410
519337,so45050411
519337,so45050412
519337,so45050413
519337,so45050414
519337,so45050415
519337,so45050416
519337,so45050417
519337,so45050437
519337,so45050438
519346,so45050522
519346,so45050529
519346,so45050530
519346,so45050531
519346,so45050533
519346,so45050534
519346,so45050535
519346,so45050536
519346,so45050619
519346,so45050620
519346,so45050621
519346,so45050622
519346,so45050623
519346,so45050624
519346,so45050625
519346,so45050626
519346,so45050627
519346,so45050628
519346,so45050629
519346,so45050727
519346,so45050728
519346,so45050729
519346,so45050730
519346,so45050731
519346,so45050732
519347,so45050523
519347,so45050524
519347,so45050525
519347,so45050526
519347,so45050527
519347,so45050528
519347,so45050532
519347,so45050618
519347,so45050630
519347,so45050631
519347,so45050632
519347,so45050724
519347,so45050733
519347,so45050734
519347,so45050735
519347,so45050737
519347,so45050738
519347,so45050825
519347,so45050826
519347,so45050827
519347,so45050828
519347,so45050830
519347,so45050831
519347,so45050832
519347,so45050833
519355,so45050725
519355,so45050726
519355,so45050736
519355,so45050824
519355,so45050834
519355,so45050835
519355,so45050836
519355,so45050837
519355,so45050838
519355,so45050839
519355,so45050975
519355,so45050976
519355,so45050977
519355,so45050978
519355,so45050979
519355,so45050980
519355,so45050981
519355,so45050982
519355,so45050983
519355,so45050984
519355,so45050985
519355,so45050986
519355,so45050987
519355,so45050988
519355,so45050989
519442,so45053158
519442,so45053159
519442,so45053161
519442,so45053162
519442,so45053163
519442,so45053164
519442,so45053165
519442,so45053166
519442,so45053167
519442,so45053168
519442,so45053169
519442,so45053171
519442,so45053172
519442,so45053173
519442,so45053174
519442,so45053200
519442,so45053201
519442,so45053202
519442,so45053203
519442,so45053204
519442,so45053205
519442,so45053206
519442,so45053207
519442,so45053208
519442,so45053209
519442,so45053210
519442,so45053212
519442,so45053213
519442,so45053214
519442,so45053246
519442,so45053247
519442,so45053248
519442,so45053249
519442,so45053250
519442,so45053251
519442,so45738582
519442,so45738583
519442,so45738584
519442,so45738585
519442,so45738587
519442,so45738588
519442,so45738589
519442,so45738590
519442,so45738591
519442,so45738592
519442,so45738593
519442,so45738596
519442,so45738640
519442,so45738658
519442,so45738659
519442,so45738660
519442,so45738661
519442,so45738662
519442,so45738663
519442,so45738664
519442,so45738666
519442,so45738682
519442,so45738695
519442,so45738715
519442,so45738718
519442,so45738719
519442,so45738744
519442,so45738745
519442,so45738746
519442,so45738747
519442,so45738759
519442,so45738760
519442,so45738761
519442,so45738762
519442,so45738763
519442,so45738764
519442,so45738765
519442,so45738766
519445,so45053313
519445,so45053314
519445,so45053315
519445,so45053316
519445,so45053317
519445,so45053318
519445,so45053319
519445,so45053320
519445,so45053321
519445,so45053322
519445,so45053323
519445,so45053324
519445,so45053325
519445,so45053326
519445,so45053327
519445,so45053358
519445,so45053373
519445,so45053374
519445,so45053375
519445,so45053376
519445,so45053377
519448,so45053357
519448,so45053372
519448,so45053378
519448,so45053379
519448,so45053380
519448,so45053381
519448,so45053382
519448,so45053383
519448,so45053384
519448,so45053399
519448,so45053423
519448,so45053424
519448,so45053425
519448,so45053426
519448,so45053427
519448,so45053428
519448,so45053430
519448,so45053451
519448,so45053452
519448,so45053453
519677,so45059691
519677,so45059692
519677,so45059693
519677,so45059694
519677,so45059695
519677,so45059696
519677,so45059697
519677,so45059698
519677,so45059699
519677,so45059700
519677,so45059701
519677,so45059702
519677,so45059703
519677,so45059704
519677,so45059741
519677,so45059742
519677,so45059743
519677,so45059744
519677,so45059745
519677,so45059772
519677,so45059815
519677,so45059872
519677,so45059873
519677,so45059875
519677,so45059876
519677,so45059877
519677,so45059904
519677,so45059905
519677,so45059906
519677,so45059907
519677,so45059908
519677,so45059909
519677,so45059910
519677,so45059911
519677,so45059912
519677,so45059954
519677,so45059955
519677,so45059956
519677,so45059957
519680,so45059705
519680,so45059740
519680,so45059779
519680,so45059780
519680,so45059816
519696,so45059773
